Reporting Economy;Product/Sector;2013;2014;2015;2016;2017;2018;2019;2020;2021;2022;2020_Prophet;2021_Prophet;2022_Prophet;2020_ARIMA;2021_ARIMA;2022_ARIMA;2020_LSTM;2021_LSTM;2022_LSTM;2020_Prophet_MAPE;2021_Prophet_MAPE;2022_Prophet_MAPE;2020_ARIMA_MAPE;2021_ARIMA_MAPE;2022_ARIMA_MAPE;2020_LSTM_MAPE;2021_LSTM_MAPE;2022_LSTM_MAPE
World;TO - Total merchandise;18958769.0;18999593.0;16554643.0;16036335.0;17741325.0;19550037.0;19017108.0;17653275.0;22365766.0;24925766.0;18314595.146302734;17648531.943792637;16984995.29965979;18505890.678104877;18443894.07930755;18422511.435611192;17623874.0;22391192.0;24552562.0;3.746161243750713;21.09131453940528;31.857679721217842;4.829787549929843;17.535155830086264;26.090490315879595;0.16654700048574556;0.1136826702023083;1.497261909623961
World;AG - Agricultural products;1731531.0;1746687.0;1565686.0;1585693.0;1731381.0;1810271.0;1788200.0;1809475.0;2148665.0;2325521.0;1775079.4928841998;1758814.0560934513;1742539.3158389323;1799473.1557933306;1799943.395860627;1799958.2558279333;1812123.5;2152853.5;2299625.5;1.9008556136890626;18.143868118415327;25.0688634573099;0.5527484052926604;16.22968699817668;22.59978491581313;0.146368421779798;0.19493499451985302;1.113535418514819
World;AGFO - Food;1445339.0;1480252.0;1332886.0;1357202.0;1473948.0;1533561.0;1533159.0;1573538.0;1836335.0;2007666.0;1541116.4091496912;1546380.0729092609;1551580.1927763282;1554540.8920022529;1555443.8881488836;1555473.0037907115;1578998.25;1861473.625;2024990.5;2.0604263036741894;15.789870970750933;22.717215275034384;1.2072862554159567;15.296289176599934;22.523317932827894;0.34700464812416354;1.3689563723394698;0.8629174374622073
