Reporting Economy;Product/Sector;2005;2006;2007;2008;2009;2010;2011;2012;2013;2014;2015;2016;2017;2018;2019;2020;2021;2022;2020_Prophet;2021_Prophet;2022_Prophet;2020_ARIMA;2021_ARIMA;2022_ARIMA;2020_LSTM;2021_LSTM;2022_LSTM;2020_Prophet_MAPE;2021_Prophet_MAPE;2022_Prophet_MAPE;2020_ARIMA_MAPE;2021_ARIMA_MAPE;2022_ARIMA_MAPE;2020_LSTM_MAPE;2021_LSTM_MAPE;2022_LSTM_MAPE
Slovak Republic;SI3_AGG - MAMTOF - Office and telecom equipment;2953.0;5227.0;8677.0;12020.0;11816.0;12534.0;12924.0;13567.0;15247.0;15224.0;12356.0;12607.0;13556.0;12967.0;11467.0;10812.0;12005.0;10676.0;11355.847304933777;10725.415904691863;10098.298581285722;10907.07232816703;10554.979411611946;10336.515336137853;10770.3857421875;11974.0185546875;10632.2314453125;5.030034266868084;10.658759644382648;5.411215986458203;0.8793223100909242;12.078472206481079;3.1798863231748546;0.3848895469154643;0.2580711812786339;0.4099714751545523
